<?xml version="1.0"?>
<!--
  ~ $Id: qascan.xml 198 2010-02-04 13:23:05Z kchristiansen $
  ~ $Revision: 198 $
  ~ $Date: 2010-02-04 14:23:05 +0100 (Thu, 04 Feb 2010) $
  ~ $Author: kchristiansen $
  ~
  ~ The DOMS project.
  ~ Copyright (C) 2007-2010  The State and University Library
  ~
  ~ Licensed to the Apache Software Foundation (ASF) under one
  ~ or more contributor license agreements.  See the NOTICE file
  ~ distributed with this work for additional information
  ~ regarding copyright ownership.  The ASF licenses this file
  ~ to you under the Apache License, Version 2.0 (the
  ~ "License"); you may not use this file except in compliance
  ~ with the License.  You may obtain a copy of the License at
  ~
  ~ http://www.apache.org/licenses/LICENSE-2.0
  ~
  ~ Unless required by applicable law or agreed to in writing,
  ~ software distributed under the License is distributed on an
  ~ "AS IS" BASIS, WITHOUT WARRANTIES OR CONDITIONS OF ANY
  ~ KIND, either express or implied.  See the License for the
  ~ specific language governing permissions and limitations
  ~ under the License.
  -->

<project default="qa-report" name="qa-report" basedir=".">

    <property file="build.properties"/>

    <property name="report.html" value="${user.home}/public_html/qa/report.html"/>

    <property name="classes.dir" value="classes"/>

    <!-- ADD NEW MODULES TO THE CLASSPATH HERE.
         YOU MUST ALSO ADD TO THE INSPECTED MODULES
         IN THE BOTTOM OF THIS FILE -->
    <path id="path.all">
        <fileset dir="${basedir}">
            <include name="lib/**/*.jar"/>
            <include name="modules/*/lib/**/*.jar"/>
            <include name="modules/*/${classes.dir}"/>
        </fileset>
        <dirset dir="${basedir}">
            <include name="modules/*/${classes.dir}"/>
        </dirset>
    </path>
	
	<target name="qa-report">
	    <java fork="true"
    	      classname="dk.statsbiblioteket.util.qa.PackageScannerDriver"
    	      output="${report.html}"
              classpathref="path.all"
              dir="${basedir}/modules">

            <!-- Link to ViewVC server -->
            <arg value="-s"/>
            <arg value="http://doms.svn.sourceforge.net/viewvc/doms/surveillance/trunk/modules/@MODULE@/src/@FILE@?view=markup"/>

            <!-- Set project name -->
            <arg value="-n"/>
            <arg value="Doms"/>

            <!-- HTML output -->
            <arg value="-o"/>
            <arg value="html"/>

            <!-- Only scan packages in dk.statsbiblioteket.doms name space -->
            <arg value="-p"/>
            <arg value="dk.statsbiblioteket.doms.surveillance"/>

            <arg value="status/${classes.dir}"/>
            <arg value="rest/${classes.dir}"/>
            <arg value="surveyor/${classes.dir}"/>
            <arg value="fedorasurveyor/${classes.dir}"/>
            <!-- ADD NEW MODULES HERE. YOU MUST ALSO ADD TO THE CLASSPATH
                 IN THE TOP OF THIS FILE -->

        </java>
	</target>
</project>
