<?xml version="1.0" encoding="UTF-8" ?>
<!--
  ~ $Id: log4j-example.xml 1336 2010-12-14 14:00:40Z blekinge $
  ~ $Revision: 1336 $
  ~ $Date: 2010-12-14 15:00:40 +0100 (Tue, 14 Dec 2010) $
  ~ $Author: blekinge $
  ~
  ~ The DOMS project.
  ~ Copyright (C) 2007-2010  The State and University Library
  ~
  ~ Licensed to the Apache Software Foundation (ASF) under one
  ~ or more contributor license agreements.  See the NOTICE file
  ~ distributed with this work for additional information
  ~ regarding copyright ownership.  The ASF licenses this file
  ~ to you under the Apache License, Version 2.0 (the
  ~ "License"); you may not use this file except in compliance
  ~ with the License.  You may obtain a copy of the License at
  ~
  ~ http://www.apache.org/licenses/LICENSE-2.0
  ~
  ~ Unless required by applicable law or agreed to in writing,
  ~ software distributed under the License is distributed on an
  ~ "AS IS" BASIS, WITHOUT WARRANTIES OR CONDITIONS OF ANY
  ~ KIND, either express or implied.  See the License for the
  ~ specific language governing permissions and limitations
  ~ under the License.
  -->

<!-- This is an example of a configuration that logs all messages of level at
 least WARN in the caching appender.-->
<!DOCTYPE log4j:configuration SYSTEM "log4j.dtd">

<log4j:configuration xmlns:log4j="http://jakarta.apache.org/log4j/"
                     debug="false">
    <appender name="LogRegistry"
              class="dk.statsbiblioteket.doms.domsutil.surveillance.logappender.Log4jRegistryAppender">
        <param name="Threshold" value="WARN"/>
        <param name="dk.statsbiblioteket.doms.domsutil.surveillance.logappender.numberOfMessages" value="100"/>
        <layout class="org.apache.log4j.PatternLayout">
            <param name="ConversionPattern" value="%-5p [%t] [%d] [%c] %m%n"/>
        </layout>
    </appender>

    <root>
        <level value="ALL"/>
        <appender-ref ref="LogRegistry"/>
    </root>
</log4j:configuration>