<!--
  ~ $Id: web-example.xml 1350 2010-12-15 12:53:40Z blekinge $
  ~ $Revision: 1350 $
  ~ $Date: 2010-12-15 13:53:40 +0100 (Wed, 15 Dec 2010) $
  ~ $Author: blekinge $
  ~
  ~ The DOMS project.
  ~ Copyright (C) 2007-2010  The State and University Library
  ~
  ~ Licensed to the Apache Software Foundation (ASF) under one
  ~ or more contributor license agreements.  See the NOTICE file
  ~ distributed with this work for additional information
  ~ regarding copyright ownership.  The ASF licenses this file
  ~ to you under the Apache License, Version 2.0 (the
  ~ "License"); you may not use this file except in compliance
  ~ with the License.  You may obtain a copy of the License at
  ~
  ~ http://www.apache.org/licenses/LICENSE-2.0
  ~
  ~ Unless required by applicable law or agreed to in writing,
  ~ software distributed under the License is distributed on an
  ~ "AS IS" BASIS, WITHOUT WARRANTIES OR CONDITIONS OF ANY
  ~ KIND, either express or implied.  See the License for the
  ~ specific language governing permissions and limitations
  ~ under the License.
  -->

<web-app xmlns="http://java.sun.com/xml/ns/javaee"
         xmlns:xsi="http://www.w3.org/2001/XMLSchema-instance"
         xsi:schemaLocation="http://java.sun.com/xml/ns/javaee
		  http://java.sun.com/xml/ns/javaee/web-app_2_5.xsd"
         version="2.5">
    <listener>
        <listener-class>
            dk.statsbiblioteket.doms.webservices.configuration.ConfigContextListener
        </listener-class>
    </listener>

    <context-param>
        <param-name>dk.statsbiblioteket.doms.domsutil.surveyable.surveyables</param-name>
        <param-value>dk.statsbiblioteket.doms.surveyable.logappender.LogRegistrySurveyableSingleton</param-value>
    </context-param>

    <!-- REST webservice -->
    <servlet>
        <servlet-name>Surveyable</servlet-name>
        <servlet-class>com.sun.jersey.spi.container.servlet.ServletContainer
        </servlet-class>
        <init-param>
            <param-name>com.sun.jersey.config.property.packages</param-name>
            <param-value>dk.statsbiblioteket.doms.domsutil.surveyable</param-value>
        </init-param>
    </servlet>
    <servlet-mapping>
        <servlet-name>Surveyable</servlet-name>
        <url-pattern>/surveyable/*</url-pattern>
    </servlet-mapping>

</web-app>
